-- ─────────────────────────────────────────────────────────────────────
-- GUARD framework — LOCAL MIRROR (static copy)
-- Mirrored read-only from the source GUARD database; embedded here as a
-- static seed so the application has ZERO runtime dependency on Supabase/MCP.
-- Source taxonomy is NOT modified. Regenerate only via an offline admin sync.
-- ─────────────────────────────────────────────────────────────────────
DROP TABLE IF EXISTS guard_master_controls, guard_subcategories, guard_categories CASCADE;

CREATE TABLE guard_categories (
  code  TEXT PRIMARY KEY,
  label TEXT NOT NULL
);
INSERT INTO guard_categories (code, label) VALUES
('CYB','Cyber'),('DAT','Data'),('TEC','Technology'),('OPS','Operational'),
('TPR','Third-Party'),('REG','Regulatory'),('FIN','Financial'),('STR','Strategic'),
('PPL','People'),('REP','Reputational'),('GEO','Geopolitical'),('ENV','Environmental'),('PHY','Physical');

CREATE TABLE guard_subcategories (
  id       SERIAL PRIMARY KEY,
  category TEXT REFERENCES guard_categories(code),
  code     TEXT NOT NULL,
  name     TEXT NOT NULL
);
INSERT INTO guard_subcategories (category, code, name) VALUES
('CYB','CYB-APP','Application Security'),
('CYB','CYB-CRY','Cryptoasset Security & Controls'),
('CYB','CYB-CRY','Cryptography & Key Management'),
('CYB','CYB-CRY','Cryptography & Ransomware'),
('CYB','CYB-EPT','Endpoint Protection'),
('CYB','CYB-EPT','Endpoint & Device Security'),
('CYB','CYB-IAM','Identity & Access Management'),
('CYB','CYB-NET','Network & Perimeter Security'),
('CYB','CYB-NET','Network Security'),
('CYB','CYB-SOG','Security Operations & Governance'),
('CYB','CYB-SOG','Security Oversight & Governance'),
('CYB','CYB-TDR','Threat Detection & Response'),
('DAT','DAT-CLS','Data Classification'),
('DAT','DAT-CLS','Data Classification & Handling'),
('DAT','DAT-GOV','Data Governance'),
('DAT','DAT-PRV','Data Privacy'),
('DAT','DAT-PRV','Privacy'),
('DAT','DAT-PRV','Privacy & Confidentiality'),
('DAT','DAT-PRV','Privacy Rights & Consent'),
('ENV','ENV-BIO','Biodiversity & Nature'),
('ENV','ENV-CPR','Climate Physical Risk'),
('ENV','ENV-CTR','Environmental Controls'),
('ENV','ENV-CTR','Contamination & Environmental Release'),
('ENV','ENV-EMP','Emissions & Pollution'),
('FIN','FIN-AML','Anti-Money Laundering'),
('FIN','FIN-BRC','Financial Restructuring'),
('FIN','FIN-BRC','Bankruptcy & Restructuring Credit'),
('FIN','FIN-BRC','Business Restructuring / Chapter 11'),
('FIN','FIN-BRC','Financial Restructuring / Bankruptcy'),
('FIN','FIN-BRC','Bankruptcy & Restructuring'),
('FIN','FIN-FRD','Fraud'),
('FIN','FIN-INV','Investor Relations'),
('FIN','FIN-INV','Investor Relations & Obligations'),
('FIN','FIN-INV','Investment'),
('FIN','FIN-INV','Investment & Market Risk'),
('FIN','FIN-MDL','Market & Financial Risk Modelling'),
('FIN','FIN-MDL','Market & Liquidity Risk'),
('FIN','FIN-MDL','Market & Model Risk'),
('FIN','FIN-PEN','Penalties & Fines'),
('FIN','FIN-PEN','Pensions'),
('FIN','FIN-PEN','Penalties'),
('FIN','FIN-RPT','Financial Reporting Risk'),
('FIN','FIN-RPT','Financial Reporting'),
('FIN','FIN-RPT','Financial Reporting Integrity'),
('FIN','FIN-SNC','Sanctions Compliance (Financial)'),
('FIN','FIN-SNC','Sanctions (Financial)'),
('FIN','FIN-SNC','Sanctions'),
('FIN','FIN-SNC','Sanctions Exposure'),
('FIN','FIN-SNC','Sanctions Compliance'),
('FIN','FIN-TAX','Tax Compliance'),
('FIN','FIN-TRY','Treasury'),
('FIN','FIN-TRY','Treasury & Liquidity'),
('FIN','FIN-TRY','Treasury / Liquidity Risk'),
('FIN','FIN-TRY','Treasury Risk'),
('FIN','FIN-TRY','Treasury & Liquidity Risk'),
('FIN','FIN-TRY','Treasury / Liquidity'),
('GEO','GEO-CFL','Conflict & Instability'),
('GEO','GEO-CFL','Conflict'),
('GEO','GEO-CFL','Regional Conflict'),
('GEO','GEO-CFL','Armed Conflict & Political Violence'),
('GEO','GEO-NST','Nation-State Threats'),
('GEO','GEO-NST','Nation-State Threat'),
('GEO','GEO-POL','Political & Social Instability'),
('GEO','GEO-POL','Political Risk'),
('GEO','GEO-POL','Political Instability'),
('GEO','GEO-SNC','Sanctions & Geopolitical Exposure'),
('GEO','GEO-SNC','Sanctions & Export Controls'),
('GEO','GEO-TRD','Trade & Tariff Risk'),
('GEO','GEO-TRD','Trade & Economic Exposure'),
('GEO','GEO-TRD','Trade & Customs'),
('OPS','OPS-BCN','Business Continuity'),
('OPS','OPS-CRI','Crisis Management'),
('OPS','OPS-CRI','Crisis & Incident Management'),
('OPS','OPS-CRI','Crisis & Incident Response'),
('OPS','OPS-CUS','Customer Operations'),
('OPS','OPS-CUS','Customer & Service Delivery'),
('OPS','OPS-PRC','Process & Production Risk'),
('OPS','OPS-PRC','Process & Operational Risk'),
('OPS','OPS-PRC','Process Management'),
('OPS','OPS-PRC','Process & Controls'),
('OPS','OPS-PRC','Process Risk'),
('OPS','OPS-PRC','Process & Production'),
('OPS','OPS-PRC','Process & Controls Risk'),
('OPS','OPS-PSD','Product & Service Delivery'),
('OPS','OPS-SUP','Supplier & Vendor Operations'),
('OPS','OPS-SUP','Supply Chain Disruption'),
('OPS','OPS-SUP','Supplier / Vendor Operations'),
('OPS','OPS-SUP','Supply Chain'),
('OPS','OPS-SUP','Supply Chain Operations'),
('OPS','OPS-SUP','Supply Chain & Logistics'),
('OPS','OPS-SUP','Supply Chain Risk'),
('PHY','PHY-ACC','Accidents & Incidents'),
('PHY','PHY-ACC','Site Access Control'),
('PHY','PHY-CAP','Physical Asset & Capacity'),
('PHY','PHY-CAP','Critical Asset Protection'),
('PHY','PHY-CAP','Capture / Seizure'),
('PHY','PHY-CAP','Physical Asset Capture/Seizure'),
('PHY','PHY-CAP','Physical Asset Capture / Seizure'),
('PHY','PHY-CAP','Capacity Management'),
('PHY','PHY-CAP','Capacity'),
('PHY','PHY-CAP','Piracy / Seizure / Capture'),
('PHY','PHY-CAP','Asset & Capacity Protection'),
('PHY','PHY-CAP','Physical Asset Security'),
('PHY','PHY-CAP','Captivity / Detention'),
('PHY','PHY-CAP','Capacity & Asset Integrity'),
('PHY','PHY-EXP','Explosives / Attack'),
('PHY','PHY-EXP','Executive Protection'),
('PHY','PHY-EXP','Explosive / Kinetic Attack'),
('PHY','PHY-EXP','Explosives & Hazardous Material'),
('PHY','PHY-EXP','Explosives / Kinetic'),
('PHY','PHY-EXP','Explosives & Ordnance'),
('PHY','PHY-EXP','Explosion & Fire Risk'),
('PHY','PHY-SRV','Surveillance'),
('PHY','PHY-SRV','Physical Surveillance & Monitoring'),
('PHY','PHY-SRV','Surveillance & Response'),
('PHY','PHY-SRV','Physical Security Surveillance'),
('PHY','PHY-WPV','Workplace Violence & Emergency Response'),
('PHY','PHY-WPV','Workplace Violence & Threat'),
('PPL','PPL-DEI','DEI & Culture'),
('PPL','PPL-DEI','Diversity, Equity & Inclusion'),
('PPL','PPL-ETH','Ethics'),
('PPL','PPL-ETH','Ethics & Conduct'),
('PPL','PPL-HSW','Health, Safety & Wellbeing'),
('PPL','PPL-HSW','Health, Safety & Welfare'),
('PPL','PPL-INS','Insider Risk (People-led)'),
('PPL','PPL-LAB','Labour Relations'),
('PPL','PPL-WPL','Workforce & Leadership'),
('PPL','PPL-WPL','Workforce & Labour Relations'),
('PPL','PPL-WPL','Workforce Planning & Layoffs'),
('PPL','PPL-WPL','Workforce Planning & Labour'),
('PPL','PPL-WPL','Workforce Planning & Talent'),
('PPL','PPL-WPL','Workforce Planning & Labour Relations'),
('PPL','PPL-WPL','Workforce Planning'),
('REG','REG-ANT','Antitrust & Competition Law'),
('REG','REG-ANT','Antitrust & Competition'),
('REG','REG-CHG','Regulatory & Policy Change'),
('REG','REG-CHG','Regulatory Change Management'),
('REG','REG-CHG','Regulatory Change'),
('REG','REG-ENF','Enforcement'),
('REG','REG-ENF','Enforcement & Investigation'),
('REG','REG-ENF','Enforcement Action'),
('REG','REG-ENF','Enforcement Actions'),
('REG','REG-ENF','Regulatory Enforcement'),
('REG','REG-LIC','Licensing'),
('REG','REG-LIC','Licensing & Authorisations'),
('REG','REG-RPT','Regulatory Reporting'),
('REG','REG-XBR','Cross-Border Regulatory'),
('REP','REP-BMM','Brand & Market Messaging'),
('REP','REP-BMM','Brand & Marketing Misconduct'),
('REP','REP-BMM','Brand & Messaging'),
('REP','REP-BMM','Brand & Marketing Management'),
('REP','REP-BMM','Brand & Media Management'),
('REP','REP-BMM','Brand & Mission Misalignment'),
('REP','REP-BMM','Brand & Market Reputation'),
('REP','REP-CRC','Crisis Communication'),
('REP','REP-CRC','Crisis Communications'),
('REP','REP-CTR','Customer Trust & Experience'),
('REP','REP-CTR','Crisis & Trust Reputation'),
('REP','REP-EXR','Executive Reputation'),
('REP','REP-EXR','Executive & Regulatory Relations'),
('REP','REP-EXR','External Relations'),
('REP','REP-EXR','Executive & Investor Relations'),
('REP','REP-SOC','Social Media & Digital Presence'),
('REP','REP-SOC','Social Media & Public Discourse'),
('REP','REP-SOC','Social Media & Public Sentiment'),
('REP','REP-SOC','Social & Media Reputation'),
('REP','REP-STK','Stakeholder Relations Risk'),
('REP','REP-STK','Stakeholder Trust'),
('REP','REP-STK','Stakeholder Communications'),
('REP','REP-STK','Stakeholder & Client Relations'),
('REP','REP-STK','Stakeholder & Investor Relations'),
('REP','REP-STK','Stakeholder Relations'),
('REP','REP-STK','Stakeholder Confidence'),
('STR','STR-APT','Risk Appetite & Governance'),
('STR','STR-CMK','Commercial & Marketing Strategy'),
('STR','STR-CMK','Capital Markets'),
('STR','STR-CMK','Competitive & Market Risk'),
('STR','STR-CMK','Commercial & Market Position'),
('STR','STR-CMK','Commercial & Marketing'),
('STR','STR-CMK','Commercial & Market Strategy'),
('STR','STR-CMK','Customer & Market Strategy'),
('STR','STR-INN','Innovation'),
('STR','STR-INN','Innovation & Disruption Risk'),
('STR','STR-IPR','Intellectual Property Risk'),
('STR','STR-MNA','Mergers & Acquisitions'),
('STR','STR-MNA','M&A Risk'),
('STR','STR-PLN','Strategic Planning'),
('STR','STR-PLN','Strategic Planning Risk'),
('STR','STR-PLN','Strategic Planning & Governance'),
('STR','STR-PTF','Portfolio & Partnership Management'),
('STR','STR-PTF','Enterprise Portfolio Risk'),
('STR','STR-PTF','Portfolio Risk'),
('STR','STR-PTF','Portfolio Management'),
('TEC','TEC-AIM','AI & Machine Learning'),
('TEC','TEC-AIM','AI Management'),
('TEC','TEC-AIM','AI Model'),
('TEC','TEC-AIM','AI & Emerging Tech'),
('TEC','TEC-CAP','Capacity Management'),
('TEC','TEC-CAP','Capacity & Scalability'),
('TEC','TEC-CHG','Change & Release Management'),
('TEC','TEC-INF','Infrastructure Resilience'),
('TEC','TEC-INF','Infrastructure'),
('TEC','TEC-PLT','Platform'),
('TEC','TEC-PLT','Platform & Infrastructure'),
('TEC','TEC-PLT','Platform Engineering'),
('TEC','TEC-SAV','Service Availability & Performance'),
('TPR','TPR-4TH','Fourth-Party Risk'),
('TPR','TPR-CNC','Third-Party Concentration Risk'),
('TPR','TPR-CNC','Third-Party Contract Risk'),
('TPR','TPR-CNC','Third-Party Concentration'),
('TPR','TPR-CNC','Third-Party Contract & Compliance'),
('TPR','TPR-CNC','Concentration Risk'),
('TPR','TPR-CNC','Third-Party Conduct'),
('TPR','TPR-CTR','Contractor Risk'),
('TPR','TPR-CTR','Contractor/Distributor Risk'),
('TPR','TPR-CTR','Contractual Risk'),
('TPR','TPR-CTR','Contractual Obligations'),
('TPR','TPR-CTR','Contract Management'),
('TPR','TPR-CTR','Contractual'),
('TPR','TPR-CTR','Third-Party Contracting'),
('TPR','TPR-CTR','Third-Party Controls'),
('TPR','TPR-DDL','Due Diligence'),
('TPR','TPR-DDL','Third-Party Due Diligence'),
('TPR','TPR-EXT','External Threat Actor'),
('TPR','TPR-EXT','External Dependencies'),
('TPR','TPR-EXT','External/Nth-Party Risk'),
('TPR','TPR-EXT','External Threat');

CREATE TABLE guard_master_controls (
  mc_id     TEXT PRIMARY KEY,
  category  TEXT REFERENCES guard_categories(code),
  statement TEXT
);
INSERT INTO guard_master_controls (mc_id, category, statement) VALUES
('MC-CYB-001','CYB','Audit on-premises Exchange OWA accounts for attacker-planted persistent email-forwarding rules; enforce hardware-backed phishing-resistant MFA on org owner/Actions identities.'),
('MC-CYB-003','CYB','Restrict CI/CD (GitHub Actions) workflow permissions using least-privilege OIDC scopes so no single runner token can exceed its designated repository set.'),
('MC-CYB-015','CYB','Deploy network-segmentation controls restricting third-party vendor credentials to minimum required zones, preventing lateral movement and exfiltration.'),
('MC-CYB-017','CYB','Enable and enforce multi-factor authentication for all remotely accessible accounts to limit session-token theft impact.'),
('MC-CYB-019','CYB','Deploy SIEM/detection rules targeting log patterns indicative of exploitation (anomalous session reuse, spoofed sender activity).'),
('MC-CYB-028','CYB','Implement privileged-access management (PAM) with just-in-time elevation for all third-party vendor accounts with network access.'),
('MC-CYB-029','CYB','Deploy continuous anomaly detection on vendor-originated sessions, calibrated to flag bulk-copy behaviour by volume and duration.'),
('MC-CYB-036','CYB','Implement real-time anomaly detection on CI/CD OIDC token issuance so mid-workflow runner hijack triggers automated workflow termination.'),
('MC-CYB-037','CYB','Deploy on-premises mitigation tooling for air-gapped/disconnected nodes unable to receive automatic mitigation updates.'),
('MC-CYB-038','CYB','Deploy endpoint detection on developer workstations with rules targeting supply-chain persistence artifacts to enable automated response.'),
('MC-DAT-003','DAT','Apply data classification labels distinguishing repositories/datasets containing sensitive customer data from pure source code.'),
('MC-DAT-005','DAT','Classify content accessible via compromised sessions as exposed and apply compensating data-access logging until permanently patched.'),
('MC-DAT-013','DAT','Review and revoke email-forwarding rules created/modified after a disclosure date as potential post-exploitation artefacts.'),
('MC-DAT-015','DAT','Classify biometric identifiers as a separate highest-sensitivity tier requiring board-level approval for third-party access.'),
('MC-DAT-016','DAT','Implement data-loss-prevention controls on network egress capable of detecting sustained bulk file-copy operations.'),
('MC-DAT-024','DAT','Establish a biometric-data incident response protocol recognising irreversibility, requiring lifetime fraud-monitoring.'),
('MC-DAT-025','DAT','Establish data-retention and secure-deletion schedules so sensitive identifiers are not retained beyond necessity.'),
('MC-ENV-001','ENV','Commission independent water and soil sampling to establish a verified contamination baseline.'),
('MC-ENV-009','ENV','Deploy emergency containment boom and skimmer assets for residual hydrocarbon release into sensitive waters.'),
('MC-ENV-010','ENV','Implement long-term ecological monitoring of soil/water contaminants with independently published data.'),
('MC-ENV-018','ENV','Activate transboundary oil-spill notification obligations under applicable environmental conventions.'),
('MC-ENV-019','ENV','Initiate emergency biodiversity impact assessment covering affected species mortality.'),
('MC-ENV-020','ENV','Establish wildlife rehabilitation capacity proportionate to confirmed multi-species mortality.'),
('MC-FIN-004','FIN','Provision the full combined penalty-and-confiscation liability in interim financial statements and test adequacy.'),
('MC-FIN-010','FIN','Model revenue impact of losing a market channel during a mandated transition; produce a board-level stress test.'),
('MC-FIN-016','FIN','Assess whether a sharp single-day price decline triggers margin-call, cross-default, or covenant-breach obligations.'),
('MC-FIN-029','FIN','Reserve receivables from a distressed counterparty group at 100% as uncollectible given wind-down orders.'),
('MC-FIN-030','FIN','Stress-test working-capital adequacy for vendors with high revenue concentration to a single distressed channel.'),
('MC-GEO-001','GEO','Maintain and annually refresh a documented risk register of national memorial/sensitive dates.'),
('MC-GEO-008','GEO','Strengthen licence-agreement provisions governing licensee obligations during state-level public condemnation.'),
('MC-GEO-016','GEO','Engage directly with affected civic groups within a fixed window to demonstrate genuine acknowledgement of harm.'),
('MC-OPS-002','OPS','Maintain a business-continuity plan for loss of a critical cloud account with a documented RTO not requiring that account.'),
('MC-OPS-003','OPS','Activate continuity workarounds for mitigation-induced feature degradation, routing users to alternative clients.'),
('MC-OPS-005','OPS','Establish and test a validated environmental monitoring programme with documented corrective-action triggers before resuming.'),
('MC-OPS-008','OPS','Conduct a tabletop exercise simulating the failure scenario to validate that decoupled architecture prevents recurrence.'),
('MC-OPS-009','OPS','Isolate and quarantine endpoints identified as compromised before allowing reconnection to build infrastructure.'),
('MC-OPS-014','OPS','Implement lot-level segregation and hold protocols for batches produced within an implicated manufacturing window.'),
('MC-OPS-018','OPS','Publish post-incident customer communication within a fixed window using status infrastructure independent of the failed provider.'),
('MC-OPS-025','OPS','Document and close the specific process/control gap with root-cause analysis submitted to the regulator.'),
('MC-OPS-029','OPS','Maintain a real-time consignee registry mapping every distributor/manufacturer that received implicated product.'),
('MC-OPS-030','OPS','Ensure downstream manufacturers can link recalled lot codes to finished-product batch records within 24 hours.'),
('MC-OPS-031','OPS','Activate recall-coordination protocols across co-manufacturers named in public health alerts.'),
('MC-PHY-009','PHY','Verify fall-arrest systems and guardrails were installed and inspected at the site of an incident, with documented evidence.'),
('MC-PHY-010','PHY','Implement a site-wide safety stand-down inspection modelled on recognised regulatory protocols.'),
('MC-PHY-018','PHY','Assess whether accelerated construction timelines are creating systemic schedule pressure affecting safety.'),
('MC-PPL-006','PPL','Ensure cultural/historical-sensitivity review includes a senior professional with documented expertise.'),
('MC-PPL-008','PPL','Conduct an immediate documented fall-protection audit across all active high-risk work, referencing the incident.'),
('MC-PPL-018','PPL','Establish a formal ethics-review step in campaign approval with authority to halt sensitive campaigns.'),
('MC-PPL-019','PPL','Verify contractors have current compliant training records and suspend any lacking documented compliance.'),
('MC-PPL-020','PPL','Extend contractor safety pre-qualification to require injury-rate disclosure and prior-citation history.'),
('MC-PPL-025','PPL','Establish a named safety liaison accountable for contractor worker welfare on site.'),
('MC-REG-003','REG','Document compliance with breach-notification deadlines and assess parallel state-level notification obligations.'),
('MC-REG-004','REG','Submit a complete recall status report covering all consignees notified, responses, and outstanding products.'),
('MC-REG-008','REG','Cooperate with joint regulatory enforcement by providing a unified distribution dataset.'),
('MC-REG-014','REG','Ensure preventive-controls plans explicitly cover the relevant hazard for the product class at issue.'),
('MC-REG-016','REG','Assess whether a session compromise constitutes a personal-data breach triggering regulatory 72-hour notification.'),
('MC-REG-019','REG','Prepare a regulatory response file for likely investigative inquiry into security-rule/BAA compliance.'),
('MC-REG-020','REG','File required notifications with regulators documenting acceptance of or defence against penalty findings.'),
('MC-REP-001','REP','Activate crisis-communications protocol within a fixed window with coordinated, consistent public statements.'),
('MC-REP-002','REP','Update licence-agreement cultural-compliance clauses requiring licensor sign-off on sensitive campaigns.'),
('MC-REP-005','REP','Develop a targeted communication strategy for vulnerable affected populations with appropriate channels.'),
('MC-REP-006','REP','Execute a coordinated multi-channel apology and remediation plan within a fixed window addressing affected groups.'),
('MC-REP-007','REP','Brief governing boards/representatives within a fixed window of any material expansion of an incident.'),
('MC-REP-008','REP','Issue customer-specific breach notifications to any customer whose data may have been exposed.'),
('MC-REP-009','REP','Prepare a media Q&A document to pre-empt amplified reputational harm from misleading narratives.'),
('MC-REP-013','REP','Brief regional leadership on findings and require equivalent sensitivity audits across the portfolio.'),
('MC-REP-015','REP','Activate a board-level reputational crisis protocol to manage concurrent regulatory/investor/media scrutiny.'),
('MC-REP-016','REP','Provide direct stakeholder communication to enterprise customers acknowledging a pattern of incidents.'),
('MC-REP-019','REP','Prepare a contingency protocol for mass refund/cancellation surges dimensioned against observed signals.'),
('MC-REP-021','REP','Conduct a board-level review of succession and interim-leadership protocols after abrupt executive change.'),
('MC-STR-021','STR','Revise the strategic plan to quantify revenue gaps from a lost channel and identify licensed-market alternatives.'),
('MC-TEC-001','TEC','Remove a single cloud provider from the routing data-plane hot path so edge proxies keep independent routing tables.'),
('MC-TEC-003','TEC','Implement real-time monitoring alerting on provider account-status changes within seconds, separate from app health checks.'),
('MC-TEC-012','TEC','Implement automated detection of account-suspension events distinct from normal API errors to enable fail-over.'),
('MC-TEC-016','TEC','Distribute critical data replicas and control-plane APIs across at least one independent provider.'),
('MC-TEC-017','TEC','Harden edge-proxy routing-table cache TTL so workloads keep resolving routes for a minimum window after provider loss.'),
('MC-TPR-001','TPR','Conduct an emergency re-assessment of all third-party vendors with network access and suspend high-risk ones.'),
('MC-TPR-005','TPR','Require an allow-list policy for developer-tool/extension installations in environments with sensitive repo access.'),
('MC-TPR-006','TPR','Require business associates to provide evidence of penetration testing and vulnerability management.'),
('MC-TPR-009','TPR','Ensure supply contracts include mandatory recall-notification clauses with fixed downstream filing windows.'),
('MC-TPR-011','TPR','Insert contractual breach-notification clauses requiring vendors to report suspicious access within 24 hours.'),
('MC-TPR-021','TPR','Audit distributor agreements to confirm intermediaries maintain lot-level consignee records.'),
('MC-TPR-022','TPR','Establish contractual triggers allowing suspension of exposure to large distressed multi-banner counterparties.'),
('MC-TPR-023','TPR','Conduct post-petition counterparty-tiering review using a distressed-counterparty trajectory as calibration.'),
('MC-TPR-024','TPR','Establish a continuous-monitoring programme for top-tier vendors using real-time threat intelligence feeds.');

CREATE INDEX idx_guard_subcat_category ON guard_subcategories(category);
CREATE INDEX idx_guard_mc_category ON guard_master_controls(category);
